no_aduan,tarikh_terima,tarikh_selesai,kategori,agensi,negeri,status,tindakan,amaun_kompaun
NRES-2025-0001,2025-01-01,,Pencemaran Udara,Jabatan Alam Sekitar,Sabah,Dalam Siasatan,Tiada,
NRES-2025-0002,2025-01-02,,Perlombongan Haram,Jabatan Mineral dan Geosains,Sarawak,Baru,Tiada,
NRES-2025-0003,2025-01-04,2025-01-21,Hakisan Pantai & Banjir,Jabatan Pengairan dan Saliran,WP Kuala Lumpur,Selesai,Amaran,
NRES-2025-0004,2025-01-06,,Pembalakan Haram,Jabatan Perhutanan Semenanjung Malaysia,Sabah,Baru,Tiada,
NRES-2025-0005,2025-01-09,,Hakisan Pantai & Banjir,Jabatan Pengairan dan Saliran,Sarawak,Ditutup,Tiada,
NRES-2025-0006,2025-01-10,,Pencemaran Udara,Jabatan Alam Sekitar,Pulau Pinang,Dalam Siasatan,Tiada,
NRES-2025-0007,2025-01-10,,Pencemaran Udara,Jabatan Alam Sekitar,Selangor,Baru,Tiada,
NRES-2025-0008,2025-01-11,2025-03-11,Pencerobohan Hutan Simpan,Jabatan Perhutanan Semenanjung Malaysia,Johor,Selesai,Amaran,
NRES-2025-0009,2025-01-12,,Hakisan Pantai & Banjir,Jabatan Pengairan dan Saliran,Kedah,Dalam Siasatan,Tiada,
NRES-2025-0010,2025-01-12,,Pencerobohan Hutan Simpan,Jabatan Perhutanan Semenanjung Malaysia,Sabah,Baru,Tiada,
NRES-2025-0011,2025-01-13,,Pencemaran Air,Jabatan Alam Sekitar,Perak,Dalam Siasatan,Tiada,
NRES-2025-0012,2025-01-13,2025-02-10,Pencerobohan Hutan Simpan,Jabatan Perhutanan Semenanjung Malaysia,Sabah,Selesai,Kompaun,32800
NRES-2025-0013,2025-01-16,2025-02-11,Pencerobohan Hutan Simpan,Jabatan Perhutanan Semenanjung Malaysia,Johor,Selesai,Amaran,
NRES-2025-0014,2025-01-19,,Perlombongan Haram,Jabatan Mineral dan Geosains,Pahang,Dalam Siasatan,Tiada,
NRES-2025-0015,2025-01-21,,Pembalakan Haram,Jabatan Perhutanan Semenanjung Malaysia,Pulau Pinang,Baru,Tiada,
NRES-2025-0016,2025-01-21,2025-02-12,Pencemaran Air,Jabatan Alam Sekitar,Sarawak,Selesai,Kompaun,37500
NRES-2025-0017,2025-01-24,2025-03-04,Pembalakan Haram,Jabatan Perhutanan Semenanjung Malaysia,Pahang,Selesai,Amaran,
NRES-2025-0018,2025-01-24,,Hakisan Pantai & Banjir,Jabatan Pengairan dan Saliran,WP Kuala Lumpur,Ditutup,Tiada,
NRES-2025-0019,2025-01-24,,Pelupusan Sisa Toksik,Jabatan Alam Sekitar,Sarawak,Dalam Siasatan,Tiada,
NRES-2025-0020,2025-01-26,2025-02-12,Pembalakan Haram,Jabatan Perhutanan Semenanjung Malaysia,Sabah,Selesai,Kompaun,12100
NRES-2025-0021,2025-01-27,,Hakisan Pantai & Banjir,Jabatan Pengairan dan Saliran,Sabah,Dalam Siasatan,Tiada,
NRES-2025-0022,2025-01-27,,Hakisan Pantai & Banjir,Jabatan Pengairan dan Saliran,Pahang,Baru,Tiada,
NRES-2025-0023,2025-01-28,,Pemburuan Hidupan Liar,Jabatan PERHILITAN,Johor,Baru,Tiada,
NRES-2025-0024,2025-01-29,,Pencemaran Udara,Jabatan Alam Sekitar,Terengganu,Baru,Tiada,
NRES-2025-0025,2025-02-02,2025-03-13,Hakisan Pantai & Banjir,Jabatan Pengairan dan Saliran,Pahang,Selesai,Kompaun,39600
NRES-2025-0026,2025-02-02,2025-03-19,Pencerobohan Hutan Simpan,Jabatan Perhutanan Semenanjung Malaysia,WP Labuan,Selesai,Pendakwaan,
NRES-2025-0027,2025-02-04,,Hakisan Pantai & Banjir,Jabatan Pengairan dan Saliran,Negeri Sembilan,Dalam Siasatan,Tiada,
NRES-2025-0028,2025-02-05,2025-02-15,Pencerobohan Hutan Simpan,Jabatan Perhutanan Semenanjung Malaysia,Sabah,Selesai,Amaran,
NRES-2025-0029,2025-02-06,,Hakisan Pantai & Banjir,Jabatan Pengairan dan Saliran,Kedah,Dalam Siasatan,Tiada,
NRES-2025-0030,2025-02-06,,Pemburuan Hidupan Liar,Jabatan PERHILITAN,Sarawak,Baru,Tiada,
NRES-2025-0031,2025-02-08,,Hakisan Pantai & Banjir,Jabatan Pengairan dan Saliran,Terengganu,Baru,Tiada,
NRES-2025-0032,2025-02-11,2025-04-08,Perlombongan Haram,Jabatan Mineral dan Geosains,Negeri Sembilan,Selesai,Pendakwaan,
NRES-2025-0033,2025-02-11,,Pencerobohan Hutan Simpan,Jabatan Perhutanan Semenanjung Malaysia,Perlis,Dalam Siasatan,Tiada,
NRES-2025-0034,2025-02-11,,Pencerobohan Hutan Simpan,Jabatan Perhutanan Semenanjung Malaysia,Sabah,Ditutup,Tiada,
NRES-2025-0035,2025-02-12,,Pemburuan Hidupan Liar,Jabatan PERHILITAN,Terengganu,Baru,Tiada,
NRES-2025-0036,2025-02-13,,Hakisan Pantai & Banjir,Jabatan Pengairan dan Saliran,Johor,Dalam Siasatan,Tiada,
NRES-2025-0037,2025-02-13,2025-03-22,Pembalakan Haram,Jabatan Perhutanan Semenanjung Malaysia,Kelantan,Selesai,Pendakwaan,
NRES-2025-0038,2025-02-14,,Pencemaran Udara,Jabatan Alam Sekitar,Selangor,Dalam Siasatan,Tiada,
NRES-2025-0039,2025-02-14,2025-04-11,Pencemaran Udara,Jabatan Alam Sekitar,Sabah,Selesai,Kompaun,11900
NRES-2025-0040,2025-02-14,2025-02-20,Pembalakan Haram,Jabatan Perhutanan Semenanjung Malaysia,Kelantan,Selesai,Amaran,
NRES-2025-0041,2025-02-16,,Hakisan Pantai & Banjir,Jabatan Pengairan dan Saliran,Sabah,Ditutup,Tiada,
NRES-2025-0042,2025-02-16,,Pencemaran Udara,Jabatan Alam Sekitar,Sabah,Dalam Siasatan,Tiada,
NRES-2025-0043,2025-02-18,,Hakisan Pantai & Banjir,Jabatan Pengairan dan Saliran,Selangor,Dalam Siasatan,Tiada,
NRES-2025-0044,2025-02-19,,Pembalakan Haram,Jabatan Perhutanan Semenanjung Malaysia,Johor,Dalam Siasatan,Tiada,
NRES-2025-0045,2025-02-19,2025-03-16,Hakisan Pantai & Banjir,Jabatan Pengairan dan Saliran,Selangor,Selesai,Amaran,
NRES-2025-0046,2025-02-20,,Hakisan Pantai & Banjir,Jabatan Pengairan dan Saliran,Selangor,Dalam Siasatan,Tiada,
NRES-2025-0047,2025-02-22,,Pencemaran Udara,Jabatan Alam Sekitar,Johor,Dalam Siasatan,Tiada,
NRES-2025-0048,2025-02-23,2025-03-30,Perlombongan Haram,Jabatan Mineral dan Geosains,Sarawak,Selesai,Kompaun,27100
NRES-2025-0049,2025-02-24,,Hakisan Pantai & Banjir,Jabatan Pengairan dan Saliran,Perak,Dalam Siasatan,Tiada,
NRES-2025-0050,2025-02-25,,Hakisan Pantai & Banjir,Jabatan Pengairan dan Saliran,Selangor,Ditutup,Tiada,
NRES-2025-0051,2025-02-25,,Pencemaran Udara,Jabatan Alam Sekitar,Sabah,Dalam Siasatan,Tiada,
NRES-2025-0052,2025-02-26,2025-04-25,Pencemaran Udara,Jabatan Alam Sekitar,Negeri Sembilan,Selesai,Kompaun,15700
NRES-2025-0053,2025-02-26,,Pencemaran Air,Jabatan Alam Sekitar,Selangor,Baru,Tiada,
NRES-2025-0054,2025-02-27,,Pencerobohan Hutan Simpan,Jabatan Perhutanan Semenanjung Malaysia,Selangor,Ditutup,Tiada,
NRES-2025-0055,2025-02-27,2025-04-07,Hakisan Pantai & Banjir,Jabatan Pengairan dan Saliran,Perak,Selesai,Amaran,
NRES-2025-0056,2025-03-02,2025-04-10,Pelupusan Sisa Toksik,Jabatan Alam Sekitar,Sabah,Selesai,Amaran,
NRES-2025-0057,2025-03-03,,Pencemaran Udara,Jabatan Alam Sekitar,Selangor,Baru,Tiada,
NRES-2025-0058,2025-03-03,,Pelupusan Sisa Toksik,Jabatan Alam Sekitar,Perak,Ditutup,Tiada,
NRES-2025-0059,2025-03-04,,Pelupusan Sisa Toksik,Jabatan Alam Sekitar,Selangor,Dalam Siasatan,Tiada,
NRES-2025-0060,2025-03-08,2025-04-10,Pembalakan Haram,Jabatan Perhutanan Semenanjung Malaysia,Perak,Selesai,Amaran,
NRES-2025-0061,2025-03-08,,Hakisan Pantai & Banjir,Jabatan Pengairan dan Saliran,Sarawak,Dalam Siasatan,Tiada,
NRES-2025-0062,2025-03-08,2025-03-24,Pencerobohan Hutan Simpan,Jabatan Perhutanan Semenanjung Malaysia,Sarawak,Selesai,Kompaun,11500
NRES-2025-0063,2025-03-11,,Hakisan Pantai & Banjir,Jabatan Pengairan dan Saliran,Selangor,Dalam Siasatan,Tiada,
NRES-2025-0064,2025-03-13,2025-04-04,Pencerobohan Hutan Simpan,Jabatan Perhutanan Semenanjung Malaysia,Sabah,Selesai,Pendakwaan,
NRES-2025-0065,2025-03-14,,Pencemaran Udara,Jabatan Alam Sekitar,Johor,Ditutup,Tiada,
NRES-2025-0066,2025-03-14,,Hakisan Pantai & Banjir,Jabatan Pengairan dan Saliran,Pahang,Dalam Siasatan,Tiada,
NRES-2025-0067,2025-03-14,2025-04-07,Perlombongan Haram,Jabatan Mineral dan Geosains,Selangor,Selesai,Pendakwaan,
NRES-2025-0068,2025-03-17,,Pencerobohan Hutan Simpan,Jabatan Perhutanan Semenanjung Malaysia,Kedah,Ditutup,Tiada,
NRES-2025-0069,2025-03-17,,Pencerobohan Hutan Simpan,Jabatan Perhutanan Semenanjung Malaysia,Johor,Baru,Tiada,
NRES-2025-0070,2025-03-19,2025-05-05,Pencerobohan Hutan Simpan,Jabatan Perhutanan Semenanjung Malaysia,Selangor,Selesai,Kompaun,39700
NRES-2025-0071,2025-03-20,,Pelupusan Sisa Toksik,Jabatan Alam Sekitar,Selangor,Baru,Tiada,
NRES-2025-0072,2025-03-21,,Hakisan Pantai & Banjir,Jabatan Pengairan dan Saliran,Kelantan,Dalam Siasatan,Tiada,
NRES-2025-0073,2025-03-25,,Pencemaran Air,Jabatan Alam Sekitar,Perak,Dalam Siasatan,Tiada,
NRES-2025-0074,2025-03-26,,Pencemaran Air,Jabatan Alam Sekitar,Pahang,Baru,Tiada,
NRES-2025-0075,2025-03-27,,Pencemaran Air,Jabatan Alam Sekitar,Terengganu,Dalam Siasatan,Tiada,
NRES-2025-0076,2025-03-28,,Pencemaran Air,Jabatan Alam Sekitar,Sabah,Dalam Siasatan,Tiada,
NRES-2025-0077,2025-03-29,,Hakisan Pantai & Banjir,Jabatan Pengairan dan Saliran,Kedah,Dalam Siasatan,Tiada,
NRES-2025-0078,2025-03-30,,Pencemaran Udara,Jabatan Alam Sekitar,Melaka,Dalam Siasatan,Tiada,
NRES-2025-0079,2025-03-31,2025-04-30,Pemburuan Hidupan Liar,Jabatan PERHILITAN,Kedah,Selesai,Pendakwaan,
NRES-2025-0080,2025-04-01,,Hakisan Pantai & Banjir,Jabatan Pengairan dan Saliran,Johor,Dalam Siasatan,Tiada,
NRES-2025-0081,2025-04-01,2025-04-19,Pembalakan Haram,Jabatan Perhutanan Semenanjung Malaysia,Sabah,Selesai,Pendakwaan,
NRES-2025-0082,2025-04-01,2025-05-17,Perlombongan Haram,Jabatan Mineral dan Geosains,Sarawak,Selesai,Kompaun,26100
NRES-2025-0083,2025-04-01,,Perlombongan Haram,Jabatan Mineral dan Geosains,WP Kuala Lumpur,Dalam Siasatan,Tiada,
NRES-2025-0084,2025-04-02,,Pembalakan Haram,Jabatan Perhutanan Semenanjung Malaysia,Selangor,Ditutup,Tiada,
NRES-2025-0085,2025-04-03,2025-05-03,Pelupusan Sisa Toksik,Jabatan Alam Sekitar,Johor,Selesai,Amaran,
NRES-2025-0086,2025-04-03,,Pencemaran Udara,Jabatan Alam Sekitar,Pahang,Dalam Siasatan,Tiada,
NRES-2025-0087,2025-04-04,,Perlombongan Haram,Jabatan Mineral dan Geosains,Selangor,Baru,Tiada,
NRES-2025-0088,2025-04-04,,Hakisan Pantai & Banjir,Jabatan Pengairan dan Saliran,Sabah,Dalam Siasatan,Tiada,
NRES-2025-0089,2025-04-06,2025-04-22,Pemburuan Hidupan Liar,Jabatan PERHILITAN,Selangor,Selesai,Kompaun,2000
NRES-2025-0090,2025-04-06,2025-05-30,Pelupusan Sisa Toksik,Jabatan Alam Sekitar,WP Kuala Lumpur,Selesai,Kompaun,21900
NRES-2025-0091,2025-04-09,,Hakisan Pantai & Banjir,Jabatan Pengairan dan Saliran,Johor,Dalam Siasatan,Tiada,
NRES-2025-0092,2025-04-09,2025-05-29,Pembalakan Haram,Jabatan Perhutanan Semenanjung Malaysia,Perlis,Selesai,Kompaun,41300
NRES-2025-0093,2025-04-12,2025-05-23,Perlombongan Haram,Jabatan Mineral dan Geosains,Johor,Selesai,Amaran,
NRES-2025-0094,2025-04-14,2025-04-30,Pelupusan Sisa Toksik,Jabatan Alam Sekitar,Kedah,Selesai,Amaran,
NRES-2025-0095,2025-04-14,2025-05-24,Pembalakan Haram,Jabatan Perhutanan Semenanjung Malaysia,Pahang,Selesai,Amaran,
NRES-2025-0096,2025-04-15,,Pencemaran Air,Jabatan Alam Sekitar,Selangor,Ditutup,Tiada,
NRES-2025-0097,2025-04-15,2025-06-11,Perlombongan Haram,Jabatan Mineral dan Geosains,Selangor,Selesai,Kompaun,31100
NRES-2025-0098,2025-04-15,,Pencerobohan Hutan Simpan,Jabatan Perhutanan Semenanjung Malaysia,Selangor,Dalam Siasatan,Tiada,
NRES-2025-0099,2025-04-15,2025-06-09,Pencemaran Air,Jabatan Alam Sekitar,Pahang,Selesai,Kompaun,42500
NRES-2025-0100,2025-04-16,2025-05-12,Pelupusan Sisa Toksik,Jabatan Alam Sekitar,Johor,Selesai,Amaran,
NRES-2025-0101,2025-04-16,2025-05-01,Pembalakan Haram,Jabatan Perhutanan Semenanjung Malaysia,Johor,Selesai,Kompaun,8600
NRES-2025-0102,2025-04-18,2025-05-10,Pelupusan Sisa Toksik,Jabatan Alam Sekitar,Selangor,Selesai,Pendakwaan,
NRES-2025-0103,2025-04-20,2025-06-10,Pemburuan Hidupan Liar,Jabatan PERHILITAN,Kedah,Selesai,Amaran,
NRES-2025-0104,2025-04-25,2025-05-05,Pelupusan Sisa Toksik,Jabatan Alam Sekitar,Pahang,Selesai,Kompaun,33900
NRES-2025-0105,2025-04-25,,Pelupusan Sisa Toksik,Jabatan Alam Sekitar,Negeri Sembilan,Baru,Tiada,
NRES-2025-0106,2025-04-26,,Pencerobohan Hutan Simpan,Jabatan Perhutanan Semenanjung Malaysia,Sabah,Dalam Siasatan,Tiada,
NRES-2025-0107,2025-04-30,,Perlombongan Haram,Jabatan Mineral dan Geosains,Selangor,Baru,Tiada,
NRES-2025-0108,2025-05-02,2025-05-12,Pelupusan Sisa Toksik,Jabatan Alam Sekitar,Kedah,Selesai,Amaran,
NRES-2025-0109,2025-05-03,2025-06-03,Pencerobohan Hutan Simpan,Jabatan Perhutanan Semenanjung Malaysia,Selangor,Selesai,Kompaun,7200
NRES-2025-0110,2025-05-04,2025-06-17,Pembalakan Haram,Jabatan Perhutanan Semenanjung Malaysia,Perak,Selesai,Amaran,
NRES-2025-0111,2025-05-04,,Pencerobohan Hutan Simpan,Jabatan Perhutanan Semenanjung Malaysia,Pulau Pinang,Baru,Tiada,
NRES-2025-0112,2025-05-04,2025-06-07,Pencemaran Udara,Jabatan Alam Sekitar,Sarawak,Selesai,Amaran,
NRES-2025-0113,2025-05-05,,Pembalakan Haram,Jabatan Perhutanan Semenanjung Malaysia,Terengganu,Dalam Siasatan,Tiada,
NRES-2025-0114,2025-05-05,,Pencemaran Udara,Jabatan Alam Sekitar,WP Kuala Lumpur,Dalam Siasatan,Tiada,
NRES-2025-0115,2025-05-06,,Pencemaran Udara,Jabatan Alam Sekitar,Negeri Sembilan,Dalam Siasatan,Tiada,
NRES-2025-0116,2025-05-06,,Pencerobohan Hutan Simpan,Jabatan Perhutanan Semenanjung Malaysia,Melaka,Dalam Siasatan,Tiada,
NRES-2025-0117,2025-05-06,,Pelupusan Sisa Toksik,Jabatan Alam Sekitar,Johor,Ditutup,Tiada,
NRES-2025-0118,2025-05-09,,Pembalakan Haram,Jabatan Perhutanan Semenanjung Malaysia,Johor,Baru,Tiada,
NRES-2025-0119,2025-05-10,,Pencemaran Air,Jabatan Alam Sekitar,Sarawak,Dalam Siasatan,Tiada,
NRES-2025-0120,2025-05-12,,Pencerobohan Hutan Simpan,Jabatan Perhutanan Semenanjung Malaysia,Perak,Dalam Siasatan,Tiada,
NRES-2025-0121,2025-05-14,,Pelupusan Sisa Toksik,Jabatan Alam Sekitar,Sarawak,Dalam Siasatan,Tiada,
NRES-2025-0122,2025-05-15,,Perlombongan Haram,Jabatan Mineral dan Geosains,Negeri Sembilan,Baru,Tiada,
NRES-2025-0123,2025-05-17,2025-07-13,Pencemaran Air,Jabatan Alam Sekitar,Sarawak,Selesai,Amaran,
NRES-2025-0124,2025-05-17,,Pencemaran Air,Jabatan Alam Sekitar,Sarawak,Baru,Tiada,
NRES-2025-0125,2025-05-19,,Pelupusan Sisa Toksik,Jabatan Alam Sekitar,Selangor,Ditutup,Tiada,
NRES-2025-0126,2025-05-20,2025-06-14,Pencerobohan Hutan Simpan,Jabatan Perhutanan Semenanjung Malaysia,Selangor,Selesai,Kompaun,32900
NRES-2025-0127,2025-05-20,,Pencerobohan Hutan Simpan,Jabatan Perhutanan Semenanjung Malaysia,Selangor,Dalam Siasatan,Tiada,
NRES-2025-0128,2025-05-21,,Hakisan Pantai & Banjir,Jabatan Pengairan dan Saliran,Johor,Dalam Siasatan,Tiada,
NRES-2025-0129,2025-05-21,2025-06-23,Pelupusan Sisa Toksik,Jabatan Alam Sekitar,Sarawak,Selesai,Amaran,
NRES-2025-0130,2025-05-24,,Pencemaran Udara,Jabatan Alam Sekitar,Sabah,Dalam Siasatan,Tiada,
NRES-2025-0131,2025-05-24,2025-06-04,Pencerobohan Hutan Simpan,Jabatan Perhutanan Semenanjung Malaysia,Johor,Selesai,Pendakwaan,
NRES-2025-0132,2025-05-24,,Pencerobohan Hutan Simpan,Jabatan Perhutanan Semenanjung Malaysia,Johor,Dalam Siasatan,Tiada,
NRES-2025-0133,2025-05-28,2025-06-18,Perlombongan Haram,Jabatan Mineral dan Geosains,Pahang,Selesai,Pendakwaan,
NRES-2025-0134,2025-05-28,2025-06-12,Perlombongan Haram,Jabatan Mineral dan Geosains,Selangor,Selesai,Pendakwaan,
NRES-2025-0135,2025-05-29,,Pencerobohan Hutan Simpan,Jabatan Perhutanan Semenanjung Malaysia,Sabah,Baru,Tiada,
NRES-2025-0136,2025-05-29,,Pemburuan Hidupan Liar,Jabatan PERHILITAN,Selangor,Baru,Tiada,
NRES-2025-0137,2025-05-29,2025-07-02,Hakisan Pantai & Banjir,Jabatan Pengairan dan Saliran,Selangor,Selesai,Kompaun,18600
NRES-2025-0138,2025-05-30,2025-06-18,Perlombongan Haram,Jabatan Mineral dan Geosains,Pulau Pinang,Selesai,Pendakwaan,
NRES-2025-0139,2025-05-31,,Pemburuan Hidupan Liar,Jabatan PERHILITAN,Sabah,Dalam Siasatan,Tiada,
NRES-2025-0140,2025-06-02,,Hakisan Pantai & Banjir,Jabatan Pengairan dan Saliran,Sabah,Dalam Siasatan,Tiada,
NRES-2025-0141,2025-06-02,,Perlombongan Haram,Jabatan Mineral dan Geosains,Pahang,Dalam Siasatan,Tiada,
NRES-2025-0142,2025-06-03,2025-07-22,Pencemaran Udara,Jabatan Alam Sekitar,Kelantan,Selesai,Kompaun,45500
NRES-2025-0143,2025-06-03,,Pencemaran Air,Jabatan Alam Sekitar,Selangor,Ditutup,Tiada,
NRES-2025-0144,2025-06-03,,Pelupusan Sisa Toksik,Jabatan Alam Sekitar,Selangor,Dalam Siasatan,Tiada,
NRES-2025-0145,2025-06-04,,Pencemaran Udara,Jabatan Alam Sekitar,Kelantan,Dalam Siasatan,Tiada,
NRES-2025-0146,2025-06-05,2025-07-08,Hakisan Pantai & Banjir,Jabatan Pengairan dan Saliran,Johor,Selesai,Amaran,
NRES-2025-0147,2025-06-06,2025-07-09,Pencemaran Air,Jabatan Alam Sekitar,Sabah,Selesai,Amaran,
NRES-2025-0148,2025-06-06,,Pemburuan Hidupan Liar,Jabatan PERHILITAN,Johor,Dalam Siasatan,Tiada,
NRES-2025-0149,2025-06-08,,Pemburuan Hidupan Liar,Jabatan PERHILITAN,WP Kuala Lumpur,Ditutup,Tiada,
NRES-2025-0150,2025-06-08,2025-07-22,Pencemaran Udara,Jabatan Alam Sekitar,Selangor,Selesai,Amaran,
NRES-2025-0151,2025-06-09,2025-08-06,Pelupusan Sisa Toksik,Jabatan Alam Sekitar,Johor,Selesai,Kompaun,29100
NRES-2025-0152,2025-06-09,,Pencemaran Udara,Jabatan Alam Sekitar,Sabah,Baru,Tiada,
NRES-2025-0153,2025-06-10,,Perlombongan Haram,Jabatan Mineral dan Geosains,Perak,Dalam Siasatan,Tiada,
NRES-2025-0154,2025-06-10,,Pencemaran Udara,Jabatan Alam Sekitar,Sarawak,Baru,Tiada,
NRES-2025-0155,2025-06-10,2025-07-21,Pembalakan Haram,Jabatan Perhutanan Semenanjung Malaysia,Kedah,Selesai,Kompaun,24600
NRES-2025-0156,2025-06-10,,Pembalakan Haram,Jabatan Perhutanan Semenanjung Malaysia,Pulau Pinang,Dalam Siasatan,Tiada,
NRES-2025-0157,2025-06-12,,Pencemaran Udara,Jabatan Alam Sekitar,Sabah,Dalam Siasatan,Tiada,
NRES-2025-0158,2025-06-14,,Pencerobohan Hutan Simpan,Jabatan Perhutanan Semenanjung Malaysia,Selangor,Ditutup,Tiada,
NRES-2025-0159,2025-06-15,,Perlombongan Haram,Jabatan Mineral dan Geosains,Sarawak,Dalam Siasatan,Tiada,
NRES-2025-0160,2025-06-15,2025-07-11,Pencemaran Udara,Jabatan Alam Sekitar,Selangor,Selesai,Amaran,
NRES-2025-0161,2025-06-18,2025-07-22,Pencemaran Air,Jabatan Alam Sekitar,Sabah,Selesai,Kompaun,26700
NRES-2025-0162,2025-06-18,,Pembalakan Haram,Jabatan Perhutanan Semenanjung Malaysia,Johor,Dalam Siasatan,Tiada,
NRES-2025-0163,2025-06-21,2025-06-26,Pelupusan Sisa Toksik,Jabatan Alam Sekitar,Selangor,Selesai,Pendakwaan,
NRES-2025-0164,2025-06-21,,Pencemaran Udara,Jabatan Alam Sekitar,Pahang,Dalam Siasatan,Tiada,
NRES-2025-0165,2025-06-22,,Pelupusan Sisa Toksik,Jabatan Alam Sekitar,Kelantan,Dalam Siasatan,Tiada,
NRES-2025-0166,2025-06-23,2025-07-20,Pencemaran Udara,Jabatan Alam Sekitar,Sabah,Selesai,Kompaun,39700
NRES-2025-0167,2025-06-23,,Hakisan Pantai & Banjir,Jabatan Pengairan dan Saliran,Negeri Sembilan,Ditutup,Tiada,
NRES-2025-0168,2025-06-24,,Pencemaran Air,Jabatan Alam Sekitar,Negeri Sembilan,Dalam Siasatan,Tiada,
NRES-2025-0169,2025-06-24,,Pencemaran Udara,Jabatan Alam Sekitar,Sarawak,Dalam Siasatan,Tiada,
NRES-2025-0170,2025-06-26,2025-07-21,Hakisan Pantai & Banjir,Jabatan Pengairan dan Saliran,Selangor,Selesai,Pendakwaan,
NRES-2025-0171,2025-07-01,,Pembalakan Haram,Jabatan Perhutanan Semenanjung Malaysia,Selangor,Baru,Tiada,
NRES-2025-0172,2025-07-01,2025-08-15,Pencemaran Udara,Jabatan Alam Sekitar,WP Kuala Lumpur,Selesai,Amaran,
NRES-2025-0173,2025-07-02,2025-08-28,Pencemaran Air,Jabatan Alam Sekitar,Selangor,Selesai,Kompaun,46100
NRES-2025-0174,2025-07-02,,Perlombongan Haram,Jabatan Mineral dan Geosains,Johor,Dalam Siasatan,Tiada,
NRES-2025-0175,2025-07-03,,Pencemaran Udara,Jabatan Alam Sekitar,Negeri Sembilan,Dalam Siasatan,Tiada,
NRES-2025-0176,2025-07-03,,Pencemaran Udara,Jabatan Alam Sekitar,Negeri Sembilan,Ditutup,Tiada,
NRES-2025-0177,2025-07-03,,Pencemaran Udara,Jabatan Alam Sekitar,Pulau Pinang,Baru,Tiada,
NRES-2025-0178,2025-07-04,2025-08-14,Pencemaran Udara,Jabatan Alam Sekitar,Johor,Selesai,Kompaun,47600
NRES-2025-0179,2025-07-04,2025-07-16,Pencerobohan Hutan Simpan,Jabatan Perhutanan Semenanjung Malaysia,Selangor,Selesai,Kompaun,45100
NRES-2025-0180,2025-07-05,,Pencemaran Udara,Jabatan Alam Sekitar,Pulau Pinang,Ditutup,Tiada,
NRES-2025-0181,2025-07-07,,Pencemaran Udara,Jabatan Alam Sekitar,WP Kuala Lumpur,Dalam Siasatan,Tiada,
NRES-2025-0182,2025-07-07,,Pembalakan Haram,Jabatan Perhutanan Semenanjung Malaysia,Johor,Baru,Tiada,
NRES-2025-0183,2025-07-08,2025-07-31,Pencerobohan Hutan Simpan,Jabatan Perhutanan Semenanjung Malaysia,Terengganu,Selesai,Kompaun,17000
NRES-2025-0184,2025-07-09,,Pemburuan Hidupan Liar,Jabatan PERHILITAN,Terengganu,Dalam Siasatan,Tiada,
NRES-2025-0185,2025-07-14,2025-09-03,Pencemaran Udara,Jabatan Alam Sekitar,Johor,Selesai,Kompaun,44600
NRES-2025-0186,2025-07-16,2025-08-25,Pencemaran Udara,Jabatan Alam Sekitar,Selangor,Selesai,Amaran,
NRES-2025-0187,2025-07-16,,Pencerobohan Hutan Simpan,Jabatan Perhutanan Semenanjung Malaysia,WP Kuala Lumpur,Baru,Tiada,
NRES-2025-0188,2025-07-19,,Pencemaran Udara,Jabatan Alam Sekitar,Sabah,Ditutup,Tiada,
NRES-2025-0189,2025-07-19,,Pemburuan Hidupan Liar,Jabatan PERHILITAN,Johor,Dalam Siasatan,Tiada,
NRES-2025-0190,2025-07-20,,Hakisan Pantai & Banjir,Jabatan Pengairan dan Saliran,Johor,Baru,Tiada,
NRES-2025-0191,2025-07-22,,Pencemaran Air,Jabatan Alam Sekitar,Sarawak,Dalam Siasatan,Tiada,
NRES-2025-0192,2025-07-22,2025-08-17,Pencemaran Udara,Jabatan Alam Sekitar,Melaka,Selesai,Amaran,
NRES-2025-0193,2025-07-23,,Pencemaran Air,Jabatan Alam Sekitar,Selangor,Baru,Tiada,
NRES-2025-0194,2025-07-23,2025-08-18,Pencemaran Udara,Jabatan Alam Sekitar,Kedah,Selesai,Kompaun,15700
NRES-2025-0195,2025-07-23,,Pencemaran Udara,Jabatan Alam Sekitar,Selangor,Ditutup,Tiada,
NRES-2025-0196,2025-07-23,2025-08-23,Pencerobohan Hutan Simpan,Jabatan Perhutanan Semenanjung Malaysia,WP Kuala Lumpur,Selesai,Amaran,
NRES-2025-0197,2025-07-24,,Pemburuan Hidupan Liar,Jabatan PERHILITAN,Negeri Sembilan,Baru,Tiada,
NRES-2025-0198,2025-07-24,,Pelupusan Sisa Toksik,Jabatan Alam Sekitar,Kedah,Dalam Siasatan,Tiada,
NRES-2025-0199,2025-07-25,,Pencemaran Udara,Jabatan Alam Sekitar,WP Kuala Lumpur,Dalam Siasatan,Tiada,
NRES-2025-0200,2025-07-26,,Perlombongan Haram,Jabatan Mineral dan Geosains,Selangor,Dalam Siasatan,Tiada,
NRES-2025-0201,2025-07-26,2025-08-07,Pencemaran Udara,Jabatan Alam Sekitar,Melaka,Selesai,Pendakwaan,
NRES-2025-0202,2025-07-26,2025-08-26,Pemburuan Hidupan Liar,Jabatan PERHILITAN,Selangor,Selesai,Kompaun,26000
NRES-2025-0203,2025-07-28,2025-09-23,Pencemaran Udara,Jabatan Alam Sekitar,Johor,Selesai,Kompaun,18400
NRES-2025-0204,2025-07-29,,Pencemaran Udara,Jabatan Alam Sekitar,Sarawak,Dalam Siasatan,Tiada,
NRES-2025-0205,2025-07-31,,Hakisan Pantai & Banjir,Jabatan Pengairan dan Saliran,Johor,Dalam Siasatan,Tiada,
NRES-2025-0206,2025-08-02,,Hakisan Pantai & Banjir,Jabatan Pengairan dan Saliran,Selangor,Dalam Siasatan,Tiada,
NRES-2025-0207,2025-08-02,,Perlombongan Haram,Jabatan Mineral dan Geosains,Sabah,Dalam Siasatan,Tiada,
NRES-2025-0208,2025-08-02,2025-09-04,Pencemaran Udara,Jabatan Alam Sekitar,Kelantan,Selesai,Kompaun,34700
NRES-2025-0209,2025-08-02,2025-08-17,Pembalakan Haram,Jabatan Perhutanan Semenanjung Malaysia,Kedah,Selesai,Kompaun,33300
NRES-2025-0210,2025-08-03,2025-08-10,Perlombongan Haram,Jabatan Mineral dan Geosains,Pulau Pinang,Selesai,Kompaun,24800
NRES-2025-0211,2025-08-04,,Pencemaran Udara,Jabatan Alam Sekitar,Pulau Pinang,Dalam Siasatan,Tiada,
NRES-2025-0212,2025-08-04,2025-09-24,Hakisan Pantai & Banjir,Jabatan Pengairan dan Saliran,Selangor,Selesai,Amaran,
NRES-2025-0213,2025-08-06,2025-08-22,Pencemaran Udara,Jabatan Alam Sekitar,Kedah,Selesai,Kompaun,24500
NRES-2025-0214,2025-08-06,,Pencemaran Udara,Jabatan Alam Sekitar,Sarawak,Dalam Siasatan,Tiada,
NRES-2025-0215,2025-08-08,2025-09-28,Hakisan Pantai & Banjir,Jabatan Pengairan dan Saliran,Kelantan,Selesai,Amaran,
NRES-2025-0216,2025-08-10,,Pemburuan Hidupan Liar,Jabatan PERHILITAN,Perak,Dalam Siasatan,Tiada,
NRES-2025-0217,2025-08-10,2025-09-28,Perlombongan Haram,Jabatan Mineral dan Geosains,Johor,Selesai,Amaran,
NRES-2025-0218,2025-08-10,,Pemburuan Hidupan Liar,Jabatan PERHILITAN,Perak,Dalam Siasatan,Tiada,
NRES-2025-0219,2025-08-12,,Pencemaran Udara,Jabatan Alam Sekitar,WP Kuala Lumpur,Dalam Siasatan,Tiada,
NRES-2025-0220,2025-08-13,2025-08-19,Pencemaran Udara,Jabatan Alam Sekitar,Sabah,Selesai,Amaran,
NRES-2025-0221,2025-08-13,,Perlombongan Haram,Jabatan Mineral dan Geosains,Selangor,Baru,Tiada,
NRES-2025-0222,2025-08-16,,Pencerobohan Hutan Simpan,Jabatan Perhutanan Semenanjung Malaysia,Melaka,Dalam Siasatan,Tiada,
NRES-2025-0223,2025-08-20,2025-10-10,Pencemaran Udara,Jabatan Alam Sekitar,Selangor,Selesai,Amaran,
NRES-2025-0224,2025-08-22,,Pencemaran Udara,Jabatan Alam Sekitar,WP Kuala Lumpur,Dalam Siasatan,Tiada,
NRES-2025-0225,2025-08-22,2025-09-20,Pencemaran Air,Jabatan Alam Sekitar,Johor,Selesai,Kompaun,16400
NRES-2025-0226,2025-08-23,2025-08-28,Pencemaran Udara,Jabatan Alam Sekitar,Selangor,Selesai,Amaran,
NRES-2025-0227,2025-08-24,,Pemburuan Hidupan Liar,Jabatan PERHILITAN,Perak,Baru,Tiada,
NRES-2025-0228,2025-08-25,2025-10-13,Pemburuan Hidupan Liar,Jabatan PERHILITAN,Johor,Selesai,Amaran,
NRES-2025-0229,2025-08-25,,Pencerobohan Hutan Simpan,Jabatan Perhutanan Semenanjung Malaysia,Perak,Baru,Tiada,
NRES-2025-0230,2025-08-27,,Hakisan Pantai & Banjir,Jabatan Pengairan dan Saliran,Sarawak,Baru,Tiada,
NRES-2025-0231,2025-08-29,2025-09-14,Pencemaran Udara,Jabatan Alam Sekitar,Kedah,Selesai,Amaran,
NRES-2025-0232,2025-08-30,2025-09-19,Pencemaran Udara,Jabatan Alam Sekitar,Melaka,Selesai,Pendakwaan,
NRES-2025-0233,2025-09-01,,Pembalakan Haram,Jabatan Perhutanan Semenanjung Malaysia,Selangor,Dalam Siasatan,Tiada,
NRES-2025-0234,2025-09-01,,Pencemaran Udara,Jabatan Alam Sekitar,Johor,Dalam Siasatan,Tiada,
NRES-2025-0235,2025-09-02,,Hakisan Pantai & Banjir,Jabatan Pengairan dan Saliran,Perak,Dalam Siasatan,Tiada,
NRES-2025-0236,2025-09-03,2025-10-08,Pencemaran Udara,Jabatan Alam Sekitar,Negeri Sembilan,Selesai,Kompaun,10200
NRES-2025-0237,2025-09-03,,Hakisan Pantai & Banjir,Jabatan Pengairan dan Saliran,Melaka,Baru,Tiada,
NRES-2025-0238,2025-09-04,,Pelupusan Sisa Toksik,Jabatan Alam Sekitar,Pulau Pinang,Ditutup,Tiada,
NRES-2025-0239,2025-09-04,,Pembalakan Haram,Jabatan Perhutanan Semenanjung Malaysia,Kelantan,Baru,Tiada,
NRES-2025-0240,2025-09-05,,Pelupusan Sisa Toksik,Jabatan Alam Sekitar,Sarawak,Dalam Siasatan,Tiada,
NRES-2025-0241,2025-09-07,2025-09-21,Pencemaran Udara,Jabatan Alam Sekitar,Selangor,Selesai,Pendakwaan,
NRES-2025-0242,2025-09-12,,Pencemaran Air,Jabatan Alam Sekitar,Selangor,Baru,Tiada,
NRES-2025-0243,2025-09-14,,Pemburuan Hidupan Liar,Jabatan PERHILITAN,Perak,Dalam Siasatan,Tiada,
NRES-2025-0244,2025-09-14,2025-10-21,Pencemaran Udara,Jabatan Alam Sekitar,Johor,Selesai,Kompaun,36300
NRES-2025-0245,2025-09-15,,Pemburuan Hidupan Liar,Jabatan PERHILITAN,Sabah,Ditutup,Tiada,
NRES-2025-0246,2025-09-15,,Pencemaran Air,Jabatan Alam Sekitar,Perak,Dalam Siasatan,Tiada,
NRES-2025-0247,2025-09-15,2025-10-29,Pemburuan Hidupan Liar,Jabatan PERHILITAN,Kedah,Selesai,Amaran,
NRES-2025-0248,2025-09-16,,Pencemaran Udara,Jabatan Alam Sekitar,Kedah,Dalam Siasatan,Tiada,
NRES-2025-0249,2025-09-17,,Pencemaran Udara,Jabatan Alam Sekitar,WP Labuan,Dalam Siasatan,Tiada,
NRES-2025-0250,2025-09-21,2025-10-24,Pencemaran Air,Jabatan Alam Sekitar,Melaka,Selesai,Pendakwaan,
NRES-2025-0251,2025-09-21,,Pelupusan Sisa Toksik,Jabatan Alam Sekitar,Selangor,Dalam Siasatan,Tiada,
NRES-2025-0252,2025-09-21,,Pelupusan Sisa Toksik,Jabatan Alam Sekitar,Selangor,Dalam Siasatan,Tiada,
NRES-2025-0253,2025-09-25,2025-10-30,Pemburuan Hidupan Liar,Jabatan PERHILITAN,Johor,Selesai,Amaran,
NRES-2025-0254,2025-09-25,,Hakisan Pantai & Banjir,Jabatan Pengairan dan Saliran,WP Kuala Lumpur,Ditutup,Tiada,
NRES-2025-0255,2025-09-26,2025-11-13,Pelupusan Sisa Toksik,Jabatan Alam Sekitar,Perak,Selesai,Kompaun,600
NRES-2025-0256,2025-09-26,2025-10-02,Perlombongan Haram,Jabatan Mineral dan Geosains,Terengganu,Selesai,Kompaun,49400
NRES-2025-0257,2025-09-26,,Perlombongan Haram,Jabatan Mineral dan Geosains,Sabah,Dalam Siasatan,Tiada,
NRES-2025-0258,2025-09-27,,Pemburuan Hidupan Liar,Jabatan PERHILITAN,Terengganu,Baru,Tiada,
NRES-2025-0259,2025-09-28,2025-10-06,Pencemaran Udara,Jabatan Alam Sekitar,Melaka,Selesai,Pendakwaan,
NRES-2025-0260,2025-09-30,,Pencemaran Udara,Jabatan Alam Sekitar,WP Kuala Lumpur,Ditutup,Tiada,
NRES-2025-0261,2025-09-30,,Pencemaran Udara,Jabatan Alam Sekitar,Pahang,Dalam Siasatan,Tiada,
NRES-2025-0262,2025-10-01,,Hakisan Pantai & Banjir,Jabatan Pengairan dan Saliran,Sarawak,Dalam Siasatan,Tiada,
NRES-2025-0263,2025-10-02,,Pembalakan Haram,Jabatan Perhutanan Semenanjung Malaysia,Selangor,Dalam Siasatan,Tiada,
NRES-2025-0264,2025-10-03,2025-10-17,Pemburuan Hidupan Liar,Jabatan PERHILITAN,Pahang,Selesai,Amaran,
NRES-2025-0265,2025-10-03,2025-11-07,Pelupusan Sisa Toksik,Jabatan Alam Sekitar,Pahang,Selesai,Kompaun,16600
NRES-2025-0266,2025-10-04,2025-10-10,Perlombongan Haram,Jabatan Mineral dan Geosains,Sarawak,Selesai,Amaran,
NRES-2025-0267,2025-10-05,2025-11-15,Pelupusan Sisa Toksik,Jabatan Alam Sekitar,Pulau Pinang,Selesai,Amaran,
NRES-2025-0268,2025-10-08,,Hakisan Pantai & Banjir,Jabatan Pengairan dan Saliran,Perak,Dalam Siasatan,Tiada,
NRES-2025-0269,2025-10-08,,Pembalakan Haram,Jabatan Perhutanan Semenanjung Malaysia,Johor,Baru,Tiada,
NRES-2025-0270,2025-10-10,2025-10-25,Hakisan Pantai & Banjir,Jabatan Pengairan dan Saliran,Kelantan,Selesai,Amaran,
NRES-2025-0271,2025-10-12,2025-12-05,Pembalakan Haram,Jabatan Perhutanan Semenanjung Malaysia,Selangor,Selesai,Amaran,
NRES-2025-0272,2025-10-13,,Pencerobohan Hutan Simpan,Jabatan Perhutanan Semenanjung Malaysia,Johor,Dalam Siasatan,Tiada,
NRES-2025-0273,2025-10-14,2025-10-19,Pemburuan Hidupan Liar,Jabatan PERHILITAN,WP Kuala Lumpur,Selesai,Kompaun,34300
NRES-2025-0274,2025-10-14,,Pencemaran Air,Jabatan Alam Sekitar,Kedah,Baru,Tiada,
NRES-2025-0275,2025-10-14,2025-11-23,Pemburuan Hidupan Liar,Jabatan PERHILITAN,Johor,Selesai,Kompaun,15100
NRES-2025-0276,2025-10-14,,Pencemaran Udara,Jabatan Alam Sekitar,Sarawak,Dalam Siasatan,Tiada,
NRES-2025-0277,2025-10-14,,Pembalakan Haram,Jabatan Perhutanan Semenanjung Malaysia,Sabah,Ditutup,Tiada,
NRES-2025-0278,2025-10-15,2025-11-24,Pencerobohan Hutan Simpan,Jabatan Perhutanan Semenanjung Malaysia,Sabah,Selesai,Kompaun,5900
NRES-2025-0279,2025-10-17,,Pembalakan Haram,Jabatan Perhutanan Semenanjung Malaysia,Sarawak,Ditutup,Tiada,
NRES-2025-0280,2025-10-19,,Pencemaran Air,Jabatan Alam Sekitar,Kedah,Dalam Siasatan,Tiada,
NRES-2025-0281,2025-10-20,,Perlombongan Haram,Jabatan Mineral dan Geosains,Sarawak,Ditutup,Tiada,
NRES-2025-0282,2025-10-21,,Pencemaran Air,Jabatan Alam Sekitar,Selangor,Dalam Siasatan,Tiada,
NRES-2025-0283,2025-10-21,2025-12-12,Pencemaran Air,Jabatan Alam Sekitar,Johor,Selesai,Kompaun,5500
NRES-2025-0284,2025-10-24,,Perlombongan Haram,Jabatan Mineral dan Geosains,Johor,Dalam Siasatan,Tiada,
NRES-2025-0285,2025-10-25,2025-11-28,Pencerobohan Hutan Simpan,Jabatan Perhutanan Semenanjung Malaysia,Sabah,Selesai,Kompaun,14000
NRES-2025-0286,2025-10-26,2025-12-01,Pencemaran Udara,Jabatan Alam Sekitar,Kedah,Selesai,Pendakwaan,
NRES-2025-0287,2025-10-27,,Pembalakan Haram,Jabatan Perhutanan Semenanjung Malaysia,Perak,Dalam Siasatan,Tiada,
NRES-2025-0288,2025-11-01,,Pembalakan Haram,Jabatan Perhutanan Semenanjung Malaysia,Selangor,Ditutup,Tiada,
NRES-2025-0289,2025-11-03,,Pelupusan Sisa Toksik,Jabatan Alam Sekitar,Terengganu,Dalam Siasatan,Tiada,
NRES-2025-0290,2025-11-06,,Pelupusan Sisa Toksik,Jabatan Alam Sekitar,Terengganu,Baru,Tiada,
NRES-2025-0291,2025-11-07,,Pencemaran Air,Jabatan Alam Sekitar,Selangor,Dalam Siasatan,Tiada,
NRES-2025-0292,2025-11-07,,Pelupusan Sisa Toksik,Jabatan Alam Sekitar,Negeri Sembilan,Dalam Siasatan,Tiada,
NRES-2025-0293,2025-11-07,2025-12-22,Pembalakan Haram,Jabatan Perhutanan Semenanjung Malaysia,Sarawak,Selesai,Pendakwaan,
NRES-2025-0294,2025-11-08,2025-11-13,Pelupusan Sisa Toksik,Jabatan Alam Sekitar,Pahang,Selesai,Kompaun,28300
NRES-2025-0295,2025-11-08,2025-12-01,Hakisan Pantai & Banjir,Jabatan Pengairan dan Saliran,Kelantan,Selesai,Pendakwaan,
NRES-2025-0296,2025-11-09,2026-01-02,Hakisan Pantai & Banjir,Jabatan Pengairan dan Saliran,Kedah,Selesai,Kompaun,33200
NRES-2025-0297,2025-11-10,,Pemburuan Hidupan Liar,Jabatan PERHILITAN,Selangor,Baru,Tiada,
NRES-2025-0298,2025-11-11,,Pencerobohan Hutan Simpan,Jabatan Perhutanan Semenanjung Malaysia,Johor,Dalam Siasatan,Tiada,
NRES-2025-0299,2025-11-16,,Pencerobohan Hutan Simpan,Jabatan Perhutanan Semenanjung Malaysia,Pulau Pinang,Dalam Siasatan,Tiada,
NRES-2025-0300,2025-11-17,2025-12-12,Pembalakan Haram,Jabatan Perhutanan Semenanjung Malaysia,Perak,Selesai,Amaran,
NRES-2025-0301,2025-11-20,,Pelupusan Sisa Toksik,Jabatan Alam Sekitar,Negeri Sembilan,Ditutup,Tiada,
NRES-2025-0302,2025-11-22,2025-12-09,Pencemaran Air,Jabatan Alam Sekitar,Johor,Selesai,Kompaun,17200
NRES-2025-0303,2025-11-23,2025-12-27,Pencemaran Udara,Jabatan Alam Sekitar,WP Kuala Lumpur,Selesai,Amaran,
NRES-2025-0304,2025-11-23,,Hakisan Pantai & Banjir,Jabatan Pengairan dan Saliran,Kedah,Dalam Siasatan,Tiada,
NRES-2025-0305,2025-11-23,2025-12-13,Hakisan Pantai & Banjir,Jabatan Pengairan dan Saliran,Terengganu,Selesai,Pendakwaan,
NRES-2025-0306,2025-11-25,2025-12-21,Hakisan Pantai & Banjir,Jabatan Pengairan dan Saliran,Selangor,Selesai,Kompaun,43600
NRES-2025-0307,2025-11-28,2025-12-23,Hakisan Pantai & Banjir,Jabatan Pengairan dan Saliran,Selangor,Selesai,Kompaun,30400
NRES-2025-0308,2025-12-01,2025-12-10,Hakisan Pantai & Banjir,Jabatan Pengairan dan Saliran,Selangor,Selesai,Amaran,
NRES-2025-0309,2025-12-02,2026-01-01,Pencemaran Udara,Jabatan Alam Sekitar,Selangor,Selesai,Amaran,
NRES-2025-0310,2025-12-02,,Pembalakan Haram,Jabatan Perhutanan Semenanjung Malaysia,Terengganu,Dalam Siasatan,Tiada,
NRES-2025-0311,2025-12-03,2025-12-30,Pelupusan Sisa Toksik,Jabatan Alam Sekitar,Sarawak,Selesai,Kompaun,20900
NRES-2025-0312,2025-12-04,,Pencemaran Udara,Jabatan Alam Sekitar,Selangor,Dalam Siasatan,Tiada,
NRES-2025-0313,2025-12-04,2025-12-16,Pencemaran Udara,Jabatan Alam Sekitar,Johor,Selesai,Kompaun,6300
NRES-2025-0314,2025-12-04,,Hakisan Pantai & Banjir,Jabatan Pengairan dan Saliran,Pahang,Ditutup,Tiada,
NRES-2025-0315,2025-12-05,,Hakisan Pantai & Banjir,Jabatan Pengairan dan Saliran,Johor,Dalam Siasatan,Tiada,
NRES-2025-0316,2025-12-05,,Hakisan Pantai & Banjir,Jabatan Pengairan dan Saliran,Sabah,Baru,Tiada,
NRES-2025-0317,2025-12-05,,Pencemaran Udara,Jabatan Alam Sekitar,Pulau Pinang,Ditutup,Tiada,
NRES-2025-0318,2025-12-06,2026-01-12,Hakisan Pantai & Banjir,Jabatan Pengairan dan Saliran,Sabah,Selesai,Amaran,
NRES-2025-0319,2025-12-06,,Hakisan Pantai & Banjir,Jabatan Pengairan dan Saliran,Perlis,Dalam Siasatan,Tiada,
NRES-2025-0320,2025-12-07,,Pemburuan Hidupan Liar,Jabatan PERHILITAN,Terengganu,Dalam Siasatan,Tiada,
NRES-2025-0321,2025-12-07,,Hakisan Pantai & Banjir,Jabatan Pengairan dan Saliran,Selangor,Ditutup,Tiada,
NRES-2025-0322,2025-12-08,,Pencemaran Udara,Jabatan Alam Sekitar,Sabah,Baru,Tiada,
NRES-2025-0323,2025-12-09,2026-02-05,Pemburuan Hidupan Liar,Jabatan PERHILITAN,WP Kuala Lumpur,Selesai,Kompaun,22900
NRES-2025-0324,2025-12-10,,Hakisan Pantai & Banjir,Jabatan Pengairan dan Saliran,Pulau Pinang,Dalam Siasatan,Tiada,
NRES-2025-0325,2025-12-12,2026-01-22,Hakisan Pantai & Banjir,Jabatan Pengairan dan Saliran,Sabah,Selesai,Pendakwaan,
NRES-2025-0326,2025-12-13,,Hakisan Pantai & Banjir,Jabatan Pengairan dan Saliran,Pulau Pinang,Ditutup,Tiada,
NRES-2025-0327,2025-12-14,2026-01-31,Pelupusan Sisa Toksik,Jabatan Alam Sekitar,Johor,Selesai,Pendakwaan,
NRES-2025-0328,2025-12-14,,Pemburuan Hidupan Liar,Jabatan PERHILITAN,Johor,Dalam Siasatan,Tiada,
NRES-2025-0329,2025-12-17,2026-01-10,Pembalakan Haram,Jabatan Perhutanan Semenanjung Malaysia,Johor,Selesai,Kompaun,22500
NRES-2025-0330,2025-12-18,2026-02-06,Hakisan Pantai & Banjir,Jabatan Pengairan dan Saliran,Pulau Pinang,Selesai,Amaran,
NRES-2025-0331,2025-12-18,2026-02-09,Perlombongan Haram,Jabatan Mineral dan Geosains,Pulau Pinang,Selesai,Amaran,
NRES-2025-0332,2025-12-19,2026-01-01,Hakisan Pantai & Banjir,Jabatan Pengairan dan Saliran,Kelantan,Selesai,Kompaun,45000
NRES-2025-0333,2025-12-21,,Hakisan Pantai & Banjir,Jabatan Pengairan dan Saliran,Melaka,Dalam Siasatan,Tiada,
NRES-2025-0334,2025-12-22,2026-02-09,Hakisan Pantai & Banjir,Jabatan Pengairan dan Saliran,Pulau Pinang,Selesai,Amaran,
NRES-2025-0335,2025-12-27,,Hakisan Pantai & Banjir,Jabatan Pengairan dan Saliran,Pulau Pinang,Dalam Siasatan,Tiada,
NRES-2025-0336,2025-12-28,,Hakisan Pantai & Banjir,Jabatan Pengairan dan Saliran,Selangor,Dalam Siasatan,Tiada,
NRES-2025-0337,2025-12-28,,Pencemaran Air,Jabatan Alam Sekitar,Kedah,Dalam Siasatan,Tiada,
NRES-2025-0338,2025-12-28,2026-02-09,Hakisan Pantai & Banjir,Jabatan Pengairan dan Saliran,Kedah,Selesai,Amaran,
NRES-2025-0339,2025-12-28,2026-01-23,Perlombongan Haram,Jabatan Mineral dan Geosains,Negeri Sembilan,Selesai,Kompaun,14700
NRES-2025-0340,2025-12-29,2026-02-07,Pencemaran Air,Jabatan Alam Sekitar,Kelantan,Selesai,Amaran,
NRES-2025-0341,2025-12-29,,Pencerobohan Hutan Simpan,Jabatan Perhutanan Semenanjung Malaysia,WP Kuala Lumpur,Dalam Siasatan,Tiada,
NRES-2025-0342,2025-12-29,2026-02-17,Hakisan Pantai & Banjir,Jabatan Pengairan dan Saliran,WP Kuala Lumpur,Selesai,Kompaun,13500
NRES-2025-0343,2025-12-30,,Pencemaran Udara,Jabatan Alam Sekitar,Pulau Pinang,Dalam Siasatan,Tiada,
NRES-2025-0344,2025-12-30,2026-02-22,Pelupusan Sisa Toksik,Jabatan Alam Sekitar,Selangor,Selesai,Kompaun,26300
NRES-2026-0345,2026-01-03,,Pelupusan Sisa Toksik,Jabatan Alam Sekitar,Melaka,Dalam Siasatan,Tiada,
NRES-2026-0346,2026-01-03,,Pencemaran Air,Jabatan Alam Sekitar,Perak,Ditutup,Tiada,
NRES-2026-0347,2026-01-05,,Hakisan Pantai & Banjir,Jabatan Pengairan dan Saliran,Kedah,Baru,Tiada,
NRES-2026-0348,2026-01-08,,Hakisan Pantai & Banjir,Jabatan Pengairan dan Saliran,Perlis,Dalam Siasatan,Tiada,
NRES-2026-0349,2026-01-08,2026-02-21,Pelupusan Sisa Toksik,Jabatan Alam Sekitar,Melaka,Selesai,Pendakwaan,
NRES-2026-0350,2026-01-08,,Hakisan Pantai & Banjir,Jabatan Pengairan dan Saliran,Selangor,Dalam Siasatan,Tiada,
NRES-2026-0351,2026-01-08,2026-02-06,Pencemaran Udara,Jabatan Alam Sekitar,Sarawak,Selesai,Kompaun,1100
NRES-2026-0352,2026-01-11,,Hakisan Pantai & Banjir,Jabatan Pengairan dan Saliran,Pulau Pinang,Ditutup,Tiada,
NRES-2026-0353,2026-01-12,2026-01-25,Pencerobohan Hutan Simpan,Jabatan Perhutanan Semenanjung Malaysia,Selangor,Selesai,Pendakwaan,
NRES-2026-0354,2026-01-13,2026-01-31,Hakisan Pantai & Banjir,Jabatan Pengairan dan Saliran,Kelantan,Selesai,Kompaun,10100
NRES-2026-0355,2026-01-14,2026-02-15,Hakisan Pantai & Banjir,Jabatan Pengairan dan Saliran,Johor,Selesai,Amaran,
NRES-2026-0356,2026-01-14,2026-03-13,Hakisan Pantai & Banjir,Jabatan Pengairan dan Saliran,WP Kuala Lumpur,Selesai,Kompaun,16900
NRES-2026-0357,2026-01-15,2026-03-01,Pencemaran Air,Jabatan Alam Sekitar,Pulau Pinang,Selesai,Kompaun,9900
NRES-2026-0358,2026-01-16,,Pembalakan Haram,Jabatan Perhutanan Semenanjung Malaysia,Terengganu,Baru,Tiada,
NRES-2026-0359,2026-01-17,2026-03-10,Pemburuan Hidupan Liar,Jabatan PERHILITAN,Pahang,Selesai,Kompaun,31000
NRES-2026-0360,2026-01-17,2026-03-14,Pencemaran Air,Jabatan Alam Sekitar,Selangor,Selesai,Pendakwaan,
NRES-2026-0361,2026-01-18,2026-02-08,Hakisan Pantai & Banjir,Jabatan Pengairan dan Saliran,Kedah,Selesai,Kompaun,32400
NRES-2026-0362,2026-01-19,,Hakisan Pantai & Banjir,Jabatan Pengairan dan Saliran,Melaka,Dalam Siasatan,Tiada,
NRES-2026-0363,2026-01-19,,Pelupusan Sisa Toksik,Jabatan Alam Sekitar,WP Kuala Lumpur,Ditutup,Tiada,
NRES-2026-0364,2026-01-20,2026-02-16,Pencerobohan Hutan Simpan,Jabatan Perhutanan Semenanjung Malaysia,Pahang,Selesai,Pendakwaan,
NRES-2026-0365,2026-01-20,2026-01-29,Pencemaran Air,Jabatan Alam Sekitar,Kelantan,Selesai,Kompaun,21300
NRES-2026-0366,2026-01-24,2026-03-21,Pembalakan Haram,Jabatan Perhutanan Semenanjung Malaysia,Selangor,Selesai,Amaran,
NRES-2026-0367,2026-01-28,2026-03-12,Hakisan Pantai & Banjir,Jabatan Pengairan dan Saliran,Sabah,Selesai,Amaran,
NRES-2026-0368,2026-01-28,,Pencemaran Udara,Jabatan Alam Sekitar,Johor,Baru,Tiada,
NRES-2026-0369,2026-01-29,,Hakisan Pantai & Banjir,Jabatan Pengairan dan Saliran,Kelantan,Ditutup,Tiada,
NRES-2026-0370,2026-01-30,2026-03-11,Hakisan Pantai & Banjir,Jabatan Pengairan dan Saliran,Johor,Selesai,Amaran,
NRES-2026-0371,2026-01-31,,Pemburuan Hidupan Liar,Jabatan PERHILITAN,Terengganu,Dalam Siasatan,Tiada,
NRES-2026-0372,2026-02-01,,Pencemaran Udara,Jabatan Alam Sekitar,Melaka,Baru,Tiada,
NRES-2026-0373,2026-02-01,,Hakisan Pantai & Banjir,Jabatan Pengairan dan Saliran,Melaka,Dalam Siasatan,Tiada,
NRES-2026-0374,2026-02-02,,Pencerobohan Hutan Simpan,Jabatan Perhutanan Semenanjung Malaysia,Johor,Dalam Siasatan,Tiada,
NRES-2026-0375,2026-02-02,2026-02-25,Pelupusan Sisa Toksik,Jabatan Alam Sekitar,Selangor,Selesai,Amaran,
NRES-2026-0376,2026-02-03,2026-02-27,Hakisan Pantai & Banjir,Jabatan Pengairan dan Saliran,WP Kuala Lumpur,Selesai,Kompaun,900
NRES-2026-0377,2026-02-03,2026-02-25,Hakisan Pantai & Banjir,Jabatan Pengairan dan Saliran,Pahang,Selesai,Amaran,
NRES-2026-0378,2026-02-04,,Pelupusan Sisa Toksik,Jabatan Alam Sekitar,Perak,Dalam Siasatan,Tiada,
NRES-2026-0379,2026-02-04,,Pencemaran Air,Jabatan Alam Sekitar,Terengganu,Dalam Siasatan,Tiada,
NRES-2026-0380,2026-02-06,,Pemburuan Hidupan Liar,Jabatan PERHILITAN,Kelantan,Dalam Siasatan,Tiada,
NRES-2026-0381,2026-02-10,2026-03-02,Perlombongan Haram,Jabatan Mineral dan Geosains,Kedah,Selesai,Kompaun,12500
NRES-2026-0382,2026-02-12,,Pemburuan Hidupan Liar,Jabatan PERHILITAN,Kedah,Baru,Tiada,
NRES-2026-0383,2026-02-14,2026-04-13,Hakisan Pantai & Banjir,Jabatan Pengairan dan Saliran,Terengganu,Selesai,Amaran,
NRES-2026-0384,2026-02-15,,Pembalakan Haram,Jabatan Perhutanan Semenanjung Malaysia,Sabah,Ditutup,Tiada,
NRES-2026-0385,2026-02-18,2026-03-27,Pencemaran Udara,Jabatan Alam Sekitar,Kedah,Selesai,Amaran,
NRES-2026-0386,2026-02-20,2026-03-10,Pelupusan Sisa Toksik,Jabatan Alam Sekitar,Sabah,Selesai,Amaran,
NRES-2026-0387,2026-02-20,2026-04-04,Hakisan Pantai & Banjir,Jabatan Pengairan dan Saliran,Selangor,Selesai,Kompaun,2900
NRES-2026-0388,2026-02-20,2026-03-08,Pemburuan Hidupan Liar,Jabatan PERHILITAN,Sabah,Selesai,Pendakwaan,
NRES-2026-0389,2026-02-21,2026-03-23,Pencerobohan Hutan Simpan,Jabatan Perhutanan Semenanjung Malaysia,Sabah,Selesai,Amaran,
NRES-2026-0390,2026-02-22,,Hakisan Pantai & Banjir,Jabatan Pengairan dan Saliran,Melaka,Dalam Siasatan,Tiada,
NRES-2026-0391,2026-02-22,,Hakisan Pantai & Banjir,Jabatan Pengairan dan Saliran,Negeri Sembilan,Dalam Siasatan,Tiada,
NRES-2026-0392,2026-02-25,,Pencerobohan Hutan Simpan,Jabatan Perhutanan Semenanjung Malaysia,Johor,Ditutup,Tiada,
NRES-2026-0393,2026-02-26,2026-03-07,Hakisan Pantai & Banjir,Jabatan Pengairan dan Saliran,WP Kuala Lumpur,Selesai,Kompaun,31000
NRES-2026-0394,2026-02-27,,Pelupusan Sisa Toksik,Jabatan Alam Sekitar,Negeri Sembilan,Baru,Tiada,
NRES-2026-0395,2026-03-01,2026-04-04,Pemburuan Hidupan Liar,Jabatan PERHILITAN,Johor,Selesai,Pendakwaan,
NRES-2026-0396,2026-03-03,2026-04-19,Pemburuan Hidupan Liar,Jabatan PERHILITAN,Kelantan,Selesai,Pendakwaan,
NRES-2026-0397,2026-03-03,,Pembalakan Haram,Jabatan Perhutanan Semenanjung Malaysia,Kedah,Dalam Siasatan,Tiada,
NRES-2026-0398,2026-03-04,2026-03-27,Hakisan Pantai & Banjir,Jabatan Pengairan dan Saliran,Johor,Selesai,Amaran,
NRES-2026-0399,2026-03-05,,Pembalakan Haram,Jabatan Perhutanan Semenanjung Malaysia,Perak,Dalam Siasatan,Tiada,
NRES-2026-0400,2026-03-06,,Hakisan Pantai & Banjir,Jabatan Pengairan dan Saliran,Perak,Baru,Tiada,
NRES-2026-0401,2026-03-09,2026-03-21,Pencemaran Air,Jabatan Alam Sekitar,Pulau Pinang,Selesai,Kompaun,34300
NRES-2026-0402,2026-03-10,2026-04-16,Pemburuan Hidupan Liar,Jabatan PERHILITAN,Selangor,Selesai,Kompaun,48700
NRES-2026-0403,2026-03-13,,Pemburuan Hidupan Liar,Jabatan PERHILITAN,Kelantan,Dalam Siasatan,Tiada,
NRES-2026-0404,2026-03-14,,Pencerobohan Hutan Simpan,Jabatan Perhutanan Semenanjung Malaysia,Sabah,Ditutup,Tiada,
NRES-2026-0405,2026-03-15,2026-04-16,Perlombongan Haram,Jabatan Mineral dan Geosains,Pahang,Selesai,Kompaun,12300
NRES-2026-0406,2026-03-16,2026-04-23,Pelupusan Sisa Toksik,Jabatan Alam Sekitar,Perak,Selesai,Amaran,
NRES-2026-0407,2026-03-18,2026-04-09,Pencemaran Udara,Jabatan Alam Sekitar,Selangor,Selesai,Amaran,
NRES-2026-0408,2026-03-18,,Pencemaran Air,Jabatan Alam Sekitar,Sabah,Baru,Tiada,
NRES-2026-0409,2026-03-19,2026-04-13,Hakisan Pantai & Banjir,Jabatan Pengairan dan Saliran,Terengganu,Selesai,Pendakwaan,
NRES-2026-0410,2026-03-19,2026-05-13,Pencerobohan Hutan Simpan,Jabatan Perhutanan Semenanjung Malaysia,Johor,Selesai,Amaran,
NRES-2026-0411,2026-03-21,2026-04-16,Hakisan Pantai & Banjir,Jabatan Pengairan dan Saliran,Pahang,Selesai,Pendakwaan,
NRES-2026-0412,2026-03-22,2026-04-15,Pelupusan Sisa Toksik,Jabatan Alam Sekitar,Kelantan,Selesai,Kompaun,18200
NRES-2026-0413,2026-03-23,2026-05-01,Pembalakan Haram,Jabatan Perhutanan Semenanjung Malaysia,Kedah,Selesai,Amaran,
NRES-2026-0414,2026-03-25,2026-04-10,Pencemaran Air,Jabatan Alam Sekitar,Sarawak,Selesai,Kompaun,25100
NRES-2026-0415,2026-03-25,,Hakisan Pantai & Banjir,Jabatan Pengairan dan Saliran,Melaka,Dalam Siasatan,Tiada,
NRES-2026-0416,2026-03-28,,Hakisan Pantai & Banjir,Jabatan Pengairan dan Saliran,Negeri Sembilan,Baru,Tiada,
NRES-2026-0417,2026-04-01,,Pelupusan Sisa Toksik,Jabatan Alam Sekitar,Selangor,Dalam Siasatan,Tiada,
NRES-2026-0418,2026-04-01,2026-05-03,Pemburuan Hidupan Liar,Jabatan PERHILITAN,WP Kuala Lumpur,Selesai,Amaran,
NRES-2026-0419,2026-04-01,2026-05-02,Pembalakan Haram,Jabatan Perhutanan Semenanjung Malaysia,Pulau Pinang,Selesai,Kompaun,29400
NRES-2026-0420,2026-04-07,2026-05-19,Pembalakan Haram,Jabatan Perhutanan Semenanjung Malaysia,Negeri Sembilan,Selesai,Kompaun,37500
NRES-2026-0421,2026-04-09,,Pelupusan Sisa Toksik,Jabatan Alam Sekitar,Terengganu,Baru,Tiada,
NRES-2026-0422,2026-04-09,2026-05-06,Pencemaran Air,Jabatan Alam Sekitar,Sarawak,Selesai,Kompaun,30700
NRES-2026-0423,2026-04-09,,Hakisan Pantai & Banjir,Jabatan Pengairan dan Saliran,Pulau Pinang,Baru,Tiada,
NRES-2026-0424,2026-04-09,2026-05-26,Pembalakan Haram,Jabatan Perhutanan Semenanjung Malaysia,Sabah,Selesai,Kompaun,36600
NRES-2026-0425,2026-04-09,,Hakisan Pantai & Banjir,Jabatan Pengairan dan Saliran,Johor,Dalam Siasatan,Tiada,
NRES-2026-0426,2026-04-10,,Perlombongan Haram,Jabatan Mineral dan Geosains,WP Kuala Lumpur,Dalam Siasatan,Tiada,
NRES-2026-0427,2026-04-10,2026-06-03,Pencerobohan Hutan Simpan,Jabatan Perhutanan Semenanjung Malaysia,Johor,Selesai,Amaran,
NRES-2026-0428,2026-04-10,2026-04-28,Pencemaran Air,Jabatan Alam Sekitar,WP Kuala Lumpur,Selesai,Kompaun,13200
NRES-2026-0429,2026-04-11,2026-05-15,Hakisan Pantai & Banjir,Jabatan Pengairan dan Saliran,Selangor,Selesai,Kompaun,42300
NRES-2026-0430,2026-04-12,2026-05-02,Pencemaran Air,Jabatan Alam Sekitar,Pulau Pinang,Selesai,Amaran,
NRES-2026-0431,2026-04-13,2026-05-30,Perlombongan Haram,Jabatan Mineral dan Geosains,Selangor,Selesai,Kompaun,11300
NRES-2026-0432,2026-04-14,2026-04-27,Pencemaran Udara,Jabatan Alam Sekitar,Melaka,Selesai,Kompaun,24400
NRES-2026-0433,2026-04-15,,Perlombongan Haram,Jabatan Mineral dan Geosains,Pahang,Dalam Siasatan,Tiada,
NRES-2026-0434,2026-04-17,,Pencemaran Air,Jabatan Alam Sekitar,Selangor,Baru,Tiada,
NRES-2026-0435,2026-04-19,,Pembalakan Haram,Jabatan Perhutanan Semenanjung Malaysia,Sarawak,Dalam Siasatan,Tiada,
NRES-2026-0436,2026-04-19,,Pencemaran Udara,Jabatan Alam Sekitar,Perak,Baru,Tiada,
NRES-2026-0437,2026-04-20,2026-05-02,Pencemaran Air,Jabatan Alam Sekitar,Sabah,Selesai,Pendakwaan,
NRES-2026-0438,2026-04-21,,Perlombongan Haram,Jabatan Mineral dan Geosains,Sarawak,Baru,Tiada,
NRES-2026-0439,2026-04-21,2026-05-16,Hakisan Pantai & Banjir,Jabatan Pengairan dan Saliran,Selangor,Selesai,Amaran,
NRES-2026-0440,2026-04-21,2026-05-08,Pemburuan Hidupan Liar,Jabatan PERHILITAN,Selangor,Selesai,Amaran,
NRES-2026-0441,2026-04-22,2026-05-12,Perlombongan Haram,Jabatan Mineral dan Geosains,Selangor,Selesai,Pendakwaan,
NRES-2026-0442,2026-04-22,2026-05-22,Pemburuan Hidupan Liar,Jabatan PERHILITAN,Selangor,Selesai,Amaran,
NRES-2026-0443,2026-04-23,,Pelupusan Sisa Toksik,Jabatan Alam Sekitar,Melaka,Dalam Siasatan,Tiada,
NRES-2026-0444,2026-04-23,2026-06-08,Pencemaran Air,Jabatan Alam Sekitar,Terengganu,Selesai,Pendakwaan,
NRES-2026-0445,2026-04-23,2026-05-09,Pembalakan Haram,Jabatan Perhutanan Semenanjung Malaysia,Sarawak,Selesai,Amaran,
NRES-2026-0446,2026-04-25,,Pencemaran Air,Jabatan Alam Sekitar,Sarawak,Baru,Tiada,
NRES-2026-0447,2026-04-26,,Pemburuan Hidupan Liar,Jabatan PERHILITAN,Negeri Sembilan,Dalam Siasatan,Tiada,
NRES-2026-0448,2026-04-26,,Pelupusan Sisa Toksik,Jabatan Alam Sekitar,Perak,Dalam Siasatan,Tiada,
NRES-2026-0449,2026-04-28,2026-06-05,Pencemaran Udara,Jabatan Alam Sekitar,Sarawak,Selesai,Amaran,
NRES-2026-0450,2026-04-30,,Pencemaran Udara,Jabatan Alam Sekitar,Terengganu,Selesai,Kompaun,23500
NRES-2026-0451,2026-05-05,,Pencerobohan Hutan Simpan,Jabatan Perhutanan Semenanjung Malaysia,Melaka,Selesai,Amaran,
NRES-2026-0452,2026-05-09,2026-06-04,Pembalakan Haram,Jabatan Perhutanan Semenanjung Malaysia,Pulau Pinang,Selesai,Kompaun,27900
NRES-2026-0453,2026-05-10,,Pencerobohan Hutan Simpan,Jabatan Perhutanan Semenanjung Malaysia,Johor,Baru,Tiada,
NRES-2026-0454,2026-05-10,,Hakisan Pantai & Banjir,Jabatan Pengairan dan Saliran,Pulau Pinang,Dalam Siasatan,Tiada,
NRES-2026-0455,2026-05-11,2026-06-08,Pemburuan Hidupan Liar,Jabatan PERHILITAN,Selangor,Selesai,Amaran,
NRES-2026-0456,2026-05-13,,Pencerobohan Hutan Simpan,Jabatan Perhutanan Semenanjung Malaysia,Pahang,Selesai,Pendakwaan,
NRES-2026-0457,2026-05-15,,Perlombongan Haram,Jabatan Mineral dan Geosains,Negeri Sembilan,Dalam Siasatan,Tiada,
NRES-2026-0458,2026-05-16,,Pencemaran Udara,Jabatan Alam Sekitar,Selangor,Selesai,Amaran,
NRES-2026-0459,2026-05-16,,Pencemaran Udara,Jabatan Alam Sekitar,Sarawak,Dalam Siasatan,Tiada,
NRES-2026-0460,2026-05-17,,Pencemaran Air,Jabatan Alam Sekitar,Kelantan,Dalam Siasatan,Tiada,
NRES-2026-0461,2026-05-17,,Pencerobohan Hutan Simpan,Jabatan Perhutanan Semenanjung Malaysia,Sabah,Selesai,Kompaun,7400
NRES-2026-0462,2026-05-17,,Pelupusan Sisa Toksik,Jabatan Alam Sekitar,Melaka,Selesai,Amaran,
NRES-2026-0463,2026-05-18,,Pembalakan Haram,Jabatan Perhutanan Semenanjung Malaysia,Selangor,Dalam Siasatan,Tiada,
NRES-2026-0464,2026-05-18,,Perlombongan Haram,Jabatan Mineral dan Geosains,Sarawak,Selesai,Pendakwaan,
NRES-2026-0465,2026-05-21,,Pencemaran Air,Jabatan Alam Sekitar,Perak,Selesai,Amaran,
NRES-2026-0466,2026-05-21,,Pembalakan Haram,Jabatan Perhutanan Semenanjung Malaysia,Johor,Baru,Tiada,
NRES-2026-0467,2026-05-22,,Hakisan Pantai & Banjir,Jabatan Pengairan dan Saliran,Selangor,Ditutup,Tiada,
NRES-2026-0468,2026-05-23,,Hakisan Pantai & Banjir,Jabatan Pengairan dan Saliran,Selangor,Selesai,Kompaun,38100
NRES-2026-0469,2026-05-25,,Pencemaran Air,Jabatan Alam Sekitar,Selangor,Selesai,Kompaun,43000
NRES-2026-0470,2026-05-28,2026-06-12,Hakisan Pantai & Banjir,Jabatan Pengairan dan Saliran,Johor,Selesai,Amaran,
NRES-2026-0471,2026-05-31,,Pencemaran Udara,Jabatan Alam Sekitar,Kelantan,Ditutup,Tiada,
NRES-2026-0472,2026-06-01,,Perlombongan Haram,Jabatan Mineral dan Geosains,Selangor,Dalam Siasatan,Tiada,
NRES-2026-0473,2026-06-02,,Pelupusan Sisa Toksik,Jabatan Alam Sekitar,Perak,Selesai,Amaran,
NRES-2026-0474,2026-06-04,,Pembalakan Haram,Jabatan Perhutanan Semenanjung Malaysia,Kedah,Selesai,Kompaun,46900
NRES-2026-0475,2026-06-04,,Pelupusan Sisa Toksik,Jabatan Alam Sekitar,WP Kuala Lumpur,Dalam Siasatan,Tiada,
NRES-2026-0476,2026-06-08,,Pencemaran Udara,Jabatan Alam Sekitar,Pulau Pinang,Selesai,Kompaun,17300
NRES-2026-0477,2026-06-09,,Pelupusan Sisa Toksik,Jabatan Alam Sekitar,Sabah,Selesai,Amaran,
NRES-2026-0478,2026-06-12,,Pencemaran Udara,Jabatan Alam Sekitar,Sabah,Selesai,Kompaun,32300
NRES-2026-0479,2026-06-14,,Pemburuan Hidupan Liar,Jabatan PERHILITAN,Sarawak,Baru,Tiada,
NRES-2026-0480,2026-06-14,,Pembalakan Haram,Jabatan Perhutanan Semenanjung Malaysia,Kedah,Selesai,Kompaun,5500
